0,win,4284,Joshua Van,3111,Alexandre Pantoja,1,0,181,147,0,5,1,0,Flyweight,U-DEC,,5,5:00
1,win,4221,Arman Tsarukyan,3566,Mauricio Ruffy,1,0,8,4,1,0,0,0,Lightweight,KO/TKO,Elbow,1,4:56
2,win,3266,Patricio Pitbull,713,Dooho Choi,1,0,38,20,0,0,0,0,Featherweight,KO/TKO,Punches,1,3:28
3,win,3781,Sean Sharaf,4004,Gable Steveson,1,0,3,1,0,0,0,0,Heavyweight,KO/TKO,Punch,1,0:12
4,win,2663,Alonzo Menifield,273,Iwo Baraniewski,0,0,62,67,1,1,0,0,Light Heavyweight,S-DEC,,3,5:00
5,win,4319,Marlon Vera,1993,Charles Jourdain,3,0,72,83,3,0,0,0,Bantamweight,KO/TKO,Punch,3,2:02
6,win,977,Robelis Despaigne,4230,Tai Tuivasa,0,0,30,31,2,1,0,0,Heavyweight,S-DEC,,3,5:00
7,win,224,Michael Aswell Jr.,4557,JooSang Yoo,0,0,70,46,0,1,0,0,Featherweight,S-DEC,,3,5:00
8,win,1379,Ryan Gandra,1000,Ozzy Diaz,1,0,16,3,0,0,0,0,Middleweight,KO/TKO,Punch,1,2:04
9,win,3773,Edmen Shahbazyan,1243,Brunno Ferreira,1,0,61,32,1,0,0,0,Middleweight,U-DEC,,3,5:00
10,win,3002,Casey O'Neill,2820,Eduarda Moura,0,0,1,3,0,0,1,1,Women's Flyweight,SUB,Armbar,1,3:22
11,win,491,Joanderson Brito,708,Giga Chikadze,0,0,20,7,0,0,0,0,Featherweight,KO/TKO,Punches,1,1:57
12,win,3820,Jean Silva,961,Jose Delgado,1,0,39,40,1,0,1,0,Featherweight,SUB,Rear Naked Choke,3,2:57
13,win,2800,Brandon Moreno,2788,Joseph Morales,0,0,67,71,2,1,0,0,Flyweight,S-DEC,,3,5:00
14,win,2626,Tommy McMillen,3342,Marwan Rahiki,1,1,89,79,5,1,3,0,Featherweight,U-DEC,,3,5:00
15,win,1536,Alexa Grasso,1267,Manon Fiorot,1,0,80,72,0,0,0,0,Women's Flyweight,U-DEC,,3,5:00
16,win,404,Curtis Blaydes,808,Waldo Cortes Acosta,0,0,24,28,4,0,0,0,Heavyweight,U-DEC,,3,5:00
17,win,2543,David Martinez,1837,Dan Ige,0,0,52,27,1,0,0,0,Bantamweight,U-DEC,,3,5:00
18,win,1134,Tim Elliott,686,Edgar Chairez,0,0,64,58,5,0,0,1,Catch Weight,U-DEC,,3,5:00
19,win,255,Ignacio Bahamondes,3611,Muslim Salikhov,0,0,78,42,0,3,0,0,Welterweight,U-DEC,,3,5:00
20,win,336,Yousri Belgaroui,3677,Djorden Santos,1,0,46,16,0,0,0,0,Middleweight,KO/TKO,Punch,1,4:25
21,win,1383,Tommy Gantt,2126,Drakkar Klose,0,0,56,15,2,0,1,0,Lightweight,SUB,Triangle Choke,3,2:46
22,win,3529,Rongzhu,1394,Rafa Garcia,0,0,109,73,0,1,0,0,Lightweight,U-DEC,,3,5:00
23,win,2111,Sean King III,3537,Jessie Rosas,0,0,7,3,1,0,0,0,Featherweight,KO/TKO,Slam,1,0:36
24,win,4113,Regina Tarin,69,JJ Aldrich,0,0,77,63,0,0,0,0,Women's Flyweight,U-DEC,,3,5:00
25,win,3133,Salahdine Parnasse,1780,Dan Hooker,1,0,12,14,0,0,0,0,Lightweight,KO/TKO,Punch,1,2:35
26,win,3917,Axel Sola,4606,Fares Ziam,1,0,9,7,0,0,0,0,Lightweight,KO/TKO,Punch,1,1:40
27,win,3092,Michael Page,3574,Nursulton Ruziboev,0,0,12,8,0,2,1,0,Middleweight,U-DEC,,3,5:00
28,win,1032,Daniil Donchenko,3935,Punahele Soriano,1,0,83,15,0,4,0,1,Welterweight,U-DEC,,3,5:00
29,win,602,Kurtis Campbell,3168,Trevor Peek,0,0,44,12,13,0,1,0,Featherweight,SUB,Rear Naked Choke,3,3:07
30,win,2058,Losene Keita,2874,Muhammad Naimov,2,0,18,4,0,0,0,0,Featherweight,KO/TKO,Punch,1,2:54
31,win,2337,Felipe Lima,695,Morgan Charriere,0,0,112,36,2,0,0,1,Featherweight,U-DEC,,3,5:00
32,win,3264,Mario Pinto,3959,Ryan Spann,0,0,48,13,6,0,0,1,Heavyweight,KO/TKO,Punches,2,0:55
33,win,538,Modestas Bukauskas,4066,Oumar Sy,1,0,22,39,0,3,0,1,Light Heavyweight,KO/TKO,Knee,2,3:57
34,win,158,Pavel Andrusca,4496,Nathaniel Wood,0,1,50,28,4,0,1,0,Featherweight,U-DEC,,3,5:00
35,win,3868,Fabia Sintes,89,Michael Aljarouj,0,0,28,10,3,0,3,1,Flyweight,U-DEC,,3,5:00
36,win,803,Nora Cornolle,4067,Klaudia Sygula,0,0,34,23,4,0,1,0,Women's Bantamweight,U-DEC,,3,5:00
37,win,1068,Matthieu Duclos,993,Luis Felipe Dias,1,0,18,22,0,0,0,0,Middleweight,KO/TKO,Punch,1,4:35
38,win,353,Delphine Benouaich,2772,Sofia Montenegro,1,0,146,72,0,0,1,0,Women's Strawweight,SUB,Rear Naked Choke,2,4:22
39,win,3925,Song Yadong,2990,Umar Nurmagomedov,1,0,11,13,0,1,1,0,Bantamweight,KO/TKO,Punch,2,1:48
40,win,1463,Denise Gomes,4534,Yan Xiaonan,1,0,18,19,0,0,0,0,Women's Strawweight,KO/TKO,Elbow,1,4:49
41,win,207,Kai Asakura,174,Aoriqileng,1,0,27,14,0,0,0,0,Bantamweight,KO/TKO,Punches,2,0:34
42,win,4050,Sumudaerji,3203,Alex Perez,0,0,41,10,0,4,0,0,Flyweight,U-DEC,,3,5:00
43,win,2349,Liu Ce,3493,Levi Rodrigues Jr.,2,0,59,28,0,0,0,0,Light Heavyweight,KO/TKO,Punch,1,4:26
44,win,1656,Bilal Hasan,3515,Nilson Rojas,1,0,53,33,1,0,0,0,Flyweight,KO/TKO,Punch,2,2:28
45,win,2336,Andre Lima,313,Namsrai Batbayar,0,0,47,51,0,0,1,0,Flyweight,SUB,Guillotine Choke,3,3:03
46,win,4222,Rei Tsuruya,437,Kevin Borjas,0,0,39,0,2,0,1,0,Flyweight,SUB,Rear Naked Choke,1,4:14
47,win,4501,Sean Woodson,1919,Jack Jenkins,0,0,58,43,0,0,0,1,Featherweight,S-DEC,,3,5:00
48,win,2992,Francesco Nuzzi,4516,Xiao Long,1,0,11,4,0,0,0,0,Bantamweight,KO/TKO,Punches,1,1:00
49,win,3657,Hector Santiago,2401,Lawrence Lui,1,0,30,32,0,0,0,0,Bantamweight,KO/TKO,Punch,2,0:53
50,win,3275,Julia Polastri,4518,Xiong Jingnan,1,0,16,16,0,0,0,0,Women's Strawweight,KO/TKO,Kick,1,3:06
51,win,2922,Cam Nelson,1009,Ding Meng,0,0,41,39,4,0,0,0,Welterweight,U-DEC,,3,5:00
52,win,3489,Gregory Rodrigues,1711,Anthony Hernandez,3,0,174,90,0,3,0,0,Middleweight,U-DEC,,5,5:00
53,win,3222,Vitor Petrino,3972,Serghei Spivac,0,0,64,23,4,0,0,0,Heavyweight,U-DEC,,3,5:00
54,win,947,Reinier de Ridder,1026,Roman Dolidze,0,0,71,1,0,0,0,0,Light Heavyweight,KO/TKO,Punches,1,4:01
55,win,2635,MarQuel Mederos,1979,Mason Jones,1,0,73,77,0,1,0,0,Lightweight,KO/TKO,Punches,2,2:07
56,win,2002,Carli Judice,697,Jeisla Chaves,1,0,16,10,0,0,0,0,Women's Flyweight,KO/TKO,Kick,1,1:39
57,win,4484,Anthony Wint,696,Terrance Chatman,0,0,5,1,1,0,1,1,Heavyweight,SUB,Arm Triangle,1,4:29
58,win,1148,Jamall Emmers,1049,Lerryan Douglas,1,0,17,14,0,0,0,0,Featherweight,KO/TKO,Punch,1,3:38
59,win,1410,Shamil Gaziev,2993,Kennedy Nzechukwu,1,0,2,3,0,0,0,0,Heavyweight,KO/TKO,Punch,1,1:20
60,win,3090,Chris Padilla,1629,Nasrat Haqparast,1,0,125,71,1,0,1,0,Lightweight,SUB,Arm Triangle,3,4:59
61,win,280,Marcio Barbosa,2189,Ryan Kuse,1,0,11,5,0,0,0,0,Featherweight,KO/TKO,Punch,1,2:47
62,win,1036,Stan Dorsainvil,4570,Gauge Young,0,0,123,137,2,3,0,0,Lightweight,U-DEC,,3,5:00
63,win,2629,Jackson McVey,3733,Wes Schultz,1,0,38,24,0,1,0,1,Middleweight,KO/TKO,Knee,1,4:13
64,win,1098,Shanelle Dyer,3384,Elise Reed,0,0,136,49,1,0,0,0,Women's Strawweight,KO/TKO,Punches,3,1:42
65,win,2471,Islam Makhachev,2428,Ian Machado Garry,1,0,22,29,7,0,0,0,Welterweight,U-DEC,,5,5:00
66,win,974,Mackenzie Dern,3475,Gillian Robertson,0,0,65,49,4,1,1,0,Women's Strawweight,U-DEC,,5,5:00
67,win,4240,Jalin Turner,1235,Kaue Fernandes,1,0,9,2,0,0,0,0,Lightweight,KO/TKO,Punches,1,0:39
68,win,4015,Dustin Stoltzfus,7,Mansur Abdul-Malik,0,0,43,34,2,1,1,0,Middleweight,SUB,Rear Naked Choke,2,4:25
69,win,3422,Esteban Ribovics,281,Edson Barboza,0,0,63,30,0,0,0,0,Lightweight,KO/TKO,Punches,2,1:32
70,win,2957,Chidi Njokuani,118,Joel Alvarez,0,0,155,74,0,0,0,0,Welterweight,U-DEC,,3,5:00
71,win,1956,Charles Johnson,691,Eduardo Chapolin,0,1,66,55,0,1,1,0,Catch Weight,SUB,Twister,3,1:36
72,win,1957,Donte Johnson,2589,Eric McConico,1,0,11,6,0,0,0,0,Middleweight,KO/TKO,Punch,1,1:38
73,win,1500,Tresean Gore,2408,Vicente Luque,0,0,65,46,0,0,1,1,Middleweight,U-DEC,,3,5:00
74,win,1238,Lucas Fernando,4175,Rafael Tobias,2,0,69,13,0,1,0,0,Light Heavyweight,KO/TKO,Knee,3,1:10
75,win,2448,Neil Magny,467,Ramiz Brahimaj,0,0,24,7,0,1,1,0,Welterweight,KO/TKO,Punches,2,3:20
76,win,4432,Jeremiah Wells,3053,Myktybek Orolbai,0,0,16,26,1,4,1,0,Welterweight,SUB,Guillotine Choke,3,1:24
77,win,3614,Quillan Salkilld,1377,Mateusz Gamrot,0,0,10,3,1,0,1,2,Lightweight,SUB,Rear Naked Choke,1,4:25
78,win,1241,Diego Ferreira,3325,Billy Quarantillo,0,0,116,73,4,1,0,0,Lightweight,U-DEC,,3,5:00
79,win,956,Yadier del Valle,1131,Darren Elkins,1,0,5,0,0,0,0,0,Featherweight,KO/TKO,Punch,1,0:35
80,win,4147,Alexia Thainara,2290,Amanda Lemos,0,0,81,56,2,0,0,0,Women's Strawweight,U-DEC,,3,5:00
81,win,2701,Ty Miller,1458,Billy Ray Goff,2,0,133,25,0,0,0,0,Welterweight,KO/TKO,Punches,3,0:15
82,win,220,Steven Asplund,3141,Guilherme Pat,2,1,66,45,0,0,1,0,Heavyweight,U-DEC,,3,5:00
83,win,2986,Diyar Nurgozhay,2370,Bruno Lopes,2,0,48,14,0,1,0,0,Light Heavyweight,KO/TKO,Punches,1,4:59
84,win,2767,Jose Montanha,4055,Louie Sutherland,0,0,2,3,1,0,1,0,Heavyweight,SUB,Neck Crank,1,1:50
85,win,3947,Manoel Sousa,2724,Richie Miranda,1,0,67,46,1,1,0,0,Lightweight,U-DEC,,3,5:00
86,win,1937,Miles Johns,4305,Gianni Vazquez,1,0,12,7,0,0,0,0,Featherweight,KO/TKO,Punch,1,3:09
87,win,2700,Juliana Miller,3036,Ravena Oliveira,0,0,24,7,2,0,1,0,Women's Flyweight,SUB,Rear Naked Choke,2,1:38
88,win,1297,Carol Foro,619,Gigi Canuto,0,0,106,56,0,4,0,1,Women's Strawweight,U-DEC,,3,5:00
89,win,2636,Uros Medic,3500,Daniel Rodriguez,1,0,11,1,0,0,0,0,Welterweight,KO/TKO,Punches,1,0:30
90,win,4010,Navajo Stirling,393,Jan Blachowicz,0,0,35,3,0,0,0,0,Light Heavyweight,KO/TKO,Punches,1,2:56
91,win,3347,Aleksandar Rakic,4242,Marcin Tybura,0,0,71,33,0,0,0,0,Heavyweight,U-DEC,,3,5:00
92,win,4275,Robert Valentin,4177,Dusko Todorovic,0,0,1,1,1,2,2,0,Middleweight,SUB,Guillotine Choke,1,4:14
93,win,4259,Gilbert Urbina,679,Vlasto Cepo,1,0,30,7,0,0,0,0,Middleweight,KO/TKO,Elbows,1,1:01
94,win,1571,Noah Gugnon,1900,Milos Janicic,0,0,5,6,0,0,1,0,Lightweight,SUB,Rear Naked Choke,1,1:21
95,win,2862,Tofiq Musayev,2120,Ludovit Klein,1,0,46,46,0,0,0,0,Lightweight,KO/TKO,Punches,2,4:07
96,win,3037,Michael Oliveira,1135,Oban Elliott,2,0,14,6,0,0,0,0,Welterweight,KO/TKO,Punches,1,1:49
97,win,2947,Borislav Nikolic,4364,Mark Vologdin,0,1,57,42,1,3,2,0,Bantamweight,U-DEC,,3,5:00
98,win,1529,Bogdan Grad,569,Dennis Buzukja,0,0,44,46,4,0,2,0,Featherweight,SUB,Arm Triangle,2,4:33
99,win,3378,Mateusz Rebecki,3297,Kyle Prepolec,0,0,75,2,1,0,0,0,Lightweight,KO/TKO,Punches,1,4:41
100,win,2705,Nina Milosevic,833,Hailey Cowan,1,0,21,13,0,0,0,0,Women's Bantamweight,KO/TKO,Punch,1,3:41
101,win,2287,Jovan Leka,3280,Alexander Poppeck,1,0,10,8,0,0,0,0,Heavyweight,KO/TKO,Kick,1,2:22
102,win,2398,Stephanie Luciano,3961,Marina Spasic,0,0,20,25,1,0,1,0,Women's Strawweight,SUB,Rear Naked Choke,1,3:20
103,win,165,Magomed Ankalaev,1585,Bogdan Guskov,0,0,54,39,2,0,3,1,Light Heavyweight,KO/TKO,Punches,5,2:41
104,win,4136,Ramazan Temirov,1162,Steve Erceg,2,0,27,11,0,0,0,0,Flyweight,KO/TKO,Punches,1,4:21
105,win,4586,Magomed Zaynukov,3576,Damian Rzepecki,0,0,74,16,2,1,0,0,Lightweight,U-DEC,,3,5:00
106,win,2179,Rizvan Kuniev,1301,Tyrell Fortune,1,0,66,20,0,0,0,0,Heavyweight,KO/TKO,Knee,3,1:12
107,win,4270,Abubakar Vagaev,1879,Saygid Izagakhmaev,0,0,27,33,4,2,0,3,Welterweight,U-DEC,,3,5:00
108,win,4380,Valter Walker,3219,Thomas Petersen,0,0,1,0,0,0,2,0,Heavyweight,SUB,Calf Slicer,1,1:32
109,win,3591,Muhammad Saidov,1894,Dustin Jacoby,2,0,60,34,0,0,0,0,Light Heavyweight,KO/TKO,Kick,2,4:49
110,win,3151,Sam Patterson,3278,Santiago Ponzinibbio,2,0,64,14,0,0,0,0,Welterweight,KO/TKO,Punches,2,3:06
111,win,3917,Axel Sola,429,Ismael Bonfim,1,0,33,1,0,1,1,0,Lightweight,SUB,D'Arce Choke,1,4:44
112,win,4223,Magomed Tuchalov,3421,Brendson Ribeiro,0,0,35,39,8,0,1,0,Light Heavyweight,U-DEC,,3,5:00
113,win,85,Nurullo Aliev,921,Mike Davis,0,0,13,22,8,0,1,2,Lightweight,U-DEC,,3,5:00
